,longitude,latitude,region
31940,6.0,51.75,Nordrhein-Westfalen
31950,6.0,51.5,Nordrhein-Westfalen
31960,6.0,51.25,Nordrhein-Westfalen
31970,6.0,51.0,Nordrhein-Westfalen
31980,6.0,50.75,Nordrhein-Westfalen
32430,6.25,52.0,Nordrhein-Westfalen
32440,6.25,51.75,Nordrhein-Westfalen
32450,6.25,51.5,Nordrhein-Westfalen
32460,6.25,51.25,Nordrhein-Westfalen
32470,6.25,51.0,Nordrhein-Westfalen
32480,6.25,50.75,Nordrhein-Westfalen
32490,6.25,50.5,Nordrhein-Westfalen
32500,6.25,50.25,Rheinland-Pfalz
32510,6.25,50.0,Rheinland-Pfalz
32520,6.25,49.75,Rheinland-Pfalz
32530,6.25,49.5,Saarland
32930,6.5,52.0,Nordrhein-Westfalen
32940,6.5,51.75,Nordrhein-Westfalen
32950,6.5,51.5,Nordrhein-Westfalen
32960,6.5,51.25,Nordrhein-Westfalen
32970,6.5,51.0,Nordrhein-Westfalen
32980,6.5,50.75,Nordrhein-Westfalen
32990,6.5,50.5,Nordrhein-Westfalen
33000,6.5,50.25,Rheinland-Pfalz
33010,6.5,50.0,Rheinland-Pfalz
33020,6.5,49.75,Rheinland-Pfalz
33030,6.5,49.5,Saarland
33040,6.5,49.25,Saarland
33360,6.75,53.75,Niedersachsen
33370,6.75,53.5,Niedersachsen
33400,6.75,52.75,Niedersachsen
33410,6.75,52.5,Niedersachsen
33420,6.75,52.25,Nordrhein-Westfalen
33430,6.75,52.0,Nordrhein-Westfalen
33440,6.75,51.75,Nordrhein-Westfalen
33450,6.75,51.5,Nordrhein-Westfalen
33460,6.75,51.25,Nordrhein-Westfalen
33470,6.75,51.0,Nordrhein-Westfalen
33480,6.75,50.75,Nordrhein-Westfalen
33490,6.75,50.5,Nordrhein-Westfalen
33500,6.75,50.25,Rheinland-Pfalz
33510,6.75,50.0,Rheinland-Pfalz
33520,6.75,49.75,Rheinland-Pfalz
33530,6.75,49.5,Saarland
33540,6.75,49.25,Saarland
33680,6.75,45.75,Valle d’Aosta/Vallée d’Aoste
33700,6.75,45.25,Piemonte
33710,6.75,45.0,Piemonte
33720,6.75,44.75,Piemonte
33730,6.75,44.5,Piemonte
33860,7.0,53.75,Niedersachsen
33870,7.0,53.5,Niedersachsen
33880,7.0,53.25,Niedersachsen
33890,7.0,53.0,Niedersachsen
33900,7.0,52.75,Niedersachsen
33910,7.0,52.5,Niedersachsen
33920,7.0,52.25,Nordrhein-Westfalen
33930,7.0,52.0,Nordrhein-Westfalen
33940,7.0,51.75,Nordrhein-Westfalen
33950,7.0,51.5,Nordrhein-Westfalen
33960,7.0,51.25,Nordrhein-Westfalen
33970,7.0,51.0,Nordrhein-Westfalen
33980,7.0,50.75,Nordrhein-Westfalen
33990,7.0,50.5,Rheinland-Pfalz
34000,7.0,50.25,Rheinland-Pfalz
34010,7.0,50.0,Rheinland-Pfalz
34020,7.0,49.75,Rheinland-Pfalz
34030,7.0,49.5,Saarland
34040,7.0,49.25,Saarland
34170,7.0,46.0,Valle d’Aosta/Vallée d’Aoste
34180,7.0,45.75,Valle d’Aosta/Vallée d’Aoste
34190,7.0,45.5,Valle d’Aosta/Vallée d’Aoste
34200,7.0,45.25,Piemonte
34210,7.0,45.0,Piemonte
34220,7.0,44.75,Piemonte
34230,7.0,44.5,Piemonte
34240,7.0,44.25,Piemonte
34350,7.25,53.75,Niedersachsen
34360,7.25,53.5,Niedersachsen
34370,7.25,53.25,Niedersachsen
34380,7.25,53.0,Niedersachsen
34390,7.25,52.75,Niedersachsen
34400,7.25,52.5,Niedersachsen
34410,7.25,52.25,Nordrhein-Westfalen
34420,7.25,52.0,Nordrhein-Westfalen
34430,7.25,51.75,Nordrhein-Westfalen
34440,7.25,51.5,Nordrhein-Westfalen
34450,7.25,51.25,Nordrhein-Westfalen
34460,7.25,51.0,Nordrhein-Westfalen
34470,7.25,50.75,Nordrhein-Westfalen
34480,7.25,50.5,Rheinland-Pfalz
34490,7.25,50.25,Rheinland-Pfalz
34500,7.25,50.0,Rheinland-Pfalz
34510,7.25,49.75,Rheinland-Pfalz
34520,7.25,49.5,Saarland
34530,7.25,49.25,Saarland
34540,7.25,49.0,Saarland
34660,7.25,46.0,Valle d’Aosta/Vallée d’Aoste
34670,7.25,45.75,Valle d’Aosta/Vallée d’Aoste
34680,7.25,45.5,Valle d’Aosta/Vallée d’Aoste
34690,7.25,45.25,Piemonte
34700,7.25,45.0,Piemonte
34710,7.25,44.75,Piemonte
34720,7.25,44.5,Piemonte
34730,7.25,44.25,Piemonte
34740,7.25,44.0,Piemonte
34840,7.5,53.75,Niedersachsen
34850,7.5,53.5,Niedersachsen
34860,7.5,53.25,Niedersachsen
34870,7.5,53.0,Niedersachsen
34880,7.5,52.75,Niedersachsen
34890,7.5,52.5,Niedersachsen
34900,7.5,52.25,Nordrhein-Westfalen
34910,7.5,52.0,Nordrhein-Westfalen
34920,7.5,51.75,Nordrhein-Westfalen
34930,7.5,51.5,Nordrhein-Westfalen
34940,7.5,51.25,Nordrhein-Westfalen
34950,7.5,51.0,Nordrhein-Westfalen
34960,7.5,50.75,Nordrhein-Westfalen
34970,7.5,50.5,Rheinland-Pfalz
34980,7.5,50.25,Rheinland-Pfalz
34990,7.5,50.0,Rheinland-Pfalz
35000,7.5,49.75,Rheinland-Pfalz
35010,7.5,49.5,Rheinland-Pfalz
35020,7.5,49.25,Rheinland-Pfalz
35030,7.5,49.0,Rheinland-Pfalz
35060,7.5,48.25,Baden-Württemberg
35070,7.5,48.0,Baden-Württemberg
35080,7.5,47.75,Baden-Württemberg
35090,7.5,47.5,Baden-Württemberg
35150,7.5,46.0,Valle d’Aosta/Vallée d’Aoste
35160,7.5,45.75,Valle d’Aosta/Vallée d’Aoste
35170,7.5,45.5,Piemonte
35180,7.5,45.25,Piemonte
35190,7.5,45.0,Piemonte
35200,7.5,44.75,Piemonte
35210,7.5,44.5,Piemonte
35220,7.5,44.25,Piemonte
35230,7.5,44.0,Liguria
35240,7.5,43.75,Liguria
35320,7.75,53.75,Niedersachsen
35330,7.75,53.5,Niedersachsen
35340,7.75,53.25,Niedersachsen
35350,7.75,53.0,Niedersachsen
35360,7.75,52.75,Niedersachsen
35370,7.75,52.5,Niedersachsen
35380,7.75,52.25,Nordrhein-Westfalen
35390,7.75,52.0,Nordrhein-Westfalen
35400,7.75,51.75,Nordrhein-Westfalen
35410,7.75,51.5,Nordrhein-Westfalen
35420,7.75,51.25,Nordrhein-Westfalen
35430,7.75,51.0,Nordrhein-Westfalen
35440,7.75,50.75,Rheinland-Pfalz
35450,7.75,50.5,Rheinland-Pfalz
35460,7.75,50.25,Rheinland-Pfalz
35470,7.75,50.0,Rheinland-Pfalz
35480,7.75,49.75,Rheinland-Pfalz
35490,7.75,49.5,Rheinland-Pfalz
35500,7.75,49.25,Rheinland-Pfalz
35510,7.75,49.0,Rheinland-Pfalz
35520,7.75,48.75,Baden-Württemberg
35530,7.75,48.5,Baden-Württemberg
35540,7.75,48.25,Baden-Württemberg
35550,7.75,48.0,Baden-Württemberg
35560,7.75,47.75,Baden-Württemberg
35570,7.75,47.5,Baden-Württemberg
35630,7.75,46.0,Valle d’Aosta/Vallée d’Aoste
35640,7.75,45.75,Valle d’Aosta/Vallée d’Aoste
35650,7.75,45.5,Piemonte
35660,7.75,45.25,Piemonte
35670,7.75,45.0,Piemonte
35680,7.75,44.75,Piemonte
35690,7.75,44.5,Piemonte
35700,7.75,44.25,Piemonte
35710,7.75,44.0,Liguria
35720,7.75,43.75,Liguria
35840,8.0,53.75,Niedersachsen
35850,8.0,53.5,Niedersachsen
35860,8.0,53.25,Niedersachsen
35870,8.0,53.0,Niedersachsen
35880,8.0,52.75,Niedersachsen
35890,8.0,52.5,Niedersachsen
35900,8.0,52.25,Niedersachsen
35910,8.0,52.0,Nordrhein-Westfalen
35920,8.0,51.75,Nordrhein-Westfalen
35930,8.0,51.5,Nordrhein-Westfalen
35940,8.0,51.25,Nordrhein-Westfalen
35950,8.0,51.0,Nordrhein-Westfalen
35960,8.0,50.75,Rheinland-Pfalz
35970,8.0,50.5,Rheinland-Pfalz
35980,8.0,50.25,Rheinland-Pfalz
35990,8.0,50.0,Hessen
36000,8.0,49.75,Rheinland-Pfalz
36010,8.0,49.5,Rheinland-Pfalz
36020,8.0,49.25,Rheinland-Pfalz
36030,8.0,49.0,Rheinland-Pfalz
36040,8.0,48.75,Baden-Württemberg
36050,8.0,48.5,Baden-Württemberg
36060,8.0,48.25,Baden-Württemberg
36070,8.0,48.0,Baden-Württemberg
36080,8.0,47.75,Baden-Württemberg
36090,8.0,47.5,Baden-Württemberg
36140,8.0,46.25,Piemonte
36150,8.0,46.0,Piemonte
36160,8.0,45.75,Piemonte
36170,8.0,45.5,Piemonte
36180,8.0,45.25,Piemonte
36190,8.0,45.0,Piemonte
36200,8.0,44.75,Piemonte
36210,8.0,44.5,Piemonte
36220,8.0,44.25,Piemonte
36230,8.0,44.0,Liguria
36240,8.0,43.75,Liguria
36380,8.25,55.0,Schleswig-Holstein
36390,8.25,54.75,Schleswig-Holstein
36420,8.25,53.5,Niedersachsen
36430,8.25,53.25,Niedersachsen
36440,8.25,53.0,Niedersachsen
36450,8.25,52.75,Niedersachsen
36460,8.25,52.5,Niedersachsen
36470,8.25,52.25,Niedersachsen
36480,8.25,52.0,Nordrhein-Westfalen
36490,8.25,51.75,Nordrhein-Westfalen
36500,8.25,51.5,Nordrhein-Westfalen
36510,8.25,51.25,Nordrhein-Westfalen
36520,8.25,51.0,Nordrhein-Westfalen
36530,8.25,50.75,Hessen
36540,8.25,50.5,Hessen
36550,8.25,50.25,Hessen
36560,8.25,50.0,Hessen
36570,8.25,49.75,Rheinland-Pfalz
36580,8.25,49.5,Rheinland-Pfalz
36590,8.25,49.25,Rheinland-Pfalz
36600,8.25,49.0,Rheinland-Pfalz
36610,8.25,48.75,Baden-Württemberg
36620,8.25,48.5,Baden-Württemberg
36630,8.25,48.25,Baden-Württemberg
36640,8.25,48.0,Baden-Württemberg
36650,8.25,47.75,Baden-Württemberg
36660,8.25,47.5,Baden-Württemberg
36700,8.25,46.5,Piemonte
36710,8.25,46.25,Piemonte
36720,8.25,46.0,Piemonte
36730,8.25,45.75,Piemonte
36740,8.25,45.5,Piemonte
36750,8.25,45.25,Piemonte
36760,8.25,45.0,Piemonte
36770,8.25,44.75,Piemonte
36780,8.25,44.5,Piemonte
36790,8.25,44.25,Liguria
36800,8.25,44.0,Liguria
36820,8.25,41.0,Sardegna
36830,8.25,40.75,Sardegna
36840,8.25,40.5,Sardegna
36890,8.25,39.25,Sardegna
36900,8.25,39.0,Sardegna
37000,8.5,55.0,Schleswig-Holstein
37010,8.5,54.75,Schleswig-Holstein
37020,8.5,54.5,Schleswig-Holstein
37040,8.5,54.0,Hamburg
37050,8.5,53.75,Niedersachsen
37060,8.5,53.5,Niedersachsen
37070,8.5,53.25,Niedersachsen
37080,8.5,53.0,Niedersachsen
37090,8.5,52.75,Niedersachsen
37100,8.5,52.5,Niedersachsen
37110,8.5,52.25,Nordrhein-Westfalen
37120,8.5,52.0,Nordrhein-Westfalen
37130,8.5,51.75,Nordrhein-Westfalen
37140,8.5,51.5,Nordrhein-Westfalen
37150,8.5,51.25,Nordrhein-Westfalen
37160,8.5,51.0,Hessen
37170,8.5,50.75,Hessen
37180,8.5,50.5,Hessen
37190,8.5,50.25,Hessen
37200,8.5,50.0,Hessen
37210,8.5,49.75,Hessen
37220,8.5,49.5,Baden-Württemberg
37230,8.5,49.25,Baden-Württemberg
37240,8.5,49.0,Baden-Württemberg
37250,8.5,48.75,Baden-Württemberg
37260,8.5,48.5,Baden-Württemberg
37270,8.5,48.25,Baden-Württemberg
37280,8.5,48.0,Baden-Württemberg
37290,8.5,47.75,Baden-Württemberg
37300,8.5,47.5,Baden-Württemberg
37340,8.5,46.5,Piemonte
37350,8.5,46.25,Piemonte
37360,8.5,46.0,Piemonte
37370,8.5,45.75,Piemonte
37380,8.5,45.5,Piemonte
37390,8.5,45.25,Piemonte
37400,8.5,45.0,Piemonte
37410,8.5,44.75,Piemonte
37420,8.5,44.5,Liguria
37430,8.5,44.25,Liguria
37520,8.5,40.75,Sardegna
37530,8.5,40.5,Sardegna
37540,8.5,40.25,Sardegna
37550,8.5,40.0,Sardegna
37560,8.5,39.75,Sardegna
37570,8.5,39.5,Sardegna
37580,8.5,39.25,Sardegna
37590,8.5,39.0,Sardegna
37710,8.75,55.0,Schleswig-Holstein
37720,8.75,54.75,Schleswig-Holstein
37730,8.75,54.5,Schleswig-Holstein
37740,8.75,54.25,Schleswig-Holstein
37750,8.75,54.0,Schleswig-Holstein
37760,8.75,53.75,Niedersachsen
37770,8.75,53.5,Niedersachsen
37780,8.75,53.25,Niedersachsen
37790,8.75,53.0,Niedersachsen
37800,8.75,52.75,Niedersachsen
37810,8.75,52.5,Niedersachsen
37820,8.75,52.25,Nordrhein-Westfalen
37830,8.75,52.0,Nordrhein-Westfalen
37840,8.75,51.75,Nordrhein-Westfalen
37850,8.75,51.5,Nordrhein-Westfalen
37860,8.75,51.25,Hessen
37870,8.75,51.0,Hessen
37880,8.75,50.75,Hessen
37890,8.75,50.5,Hessen
37900,8.75,50.25,Hessen
37910,8.75,50.0,Hessen
37920,8.75,49.75,Hessen
37930,8.75,49.5,Baden-Württemberg
37940,8.75,49.25,Baden-Württemberg
37950,8.75,49.0,Baden-Württemberg
37960,8.75,48.75,Baden-Württemberg
37970,8.75,48.5,Baden-Württemberg
37980,8.75,48.25,Baden-Württemberg
37990,8.75,48.0,Baden-Württemberg
38000,8.75,47.75,Baden-Württemberg
38070,8.75,46.0,Lombardia
38080,8.75,45.75,Lombardia
38090,8.75,45.5,Piemonte
38100,8.75,45.25,Lombardia
38110,8.75,45.0,Piemonte
38120,8.75,44.75,Piemonte
38130,8.75,44.5,Liguria
38230,8.75,41.0,Sardegna
38240,8.75,40.75,Sardegna
38250,8.75,40.5,Sardegna
38260,8.75,40.25,Sardegna
38270,8.75,40.0,Sardegna
38280,8.75,39.75,Sardegna
38290,8.75,39.5,Sardegna
38300,8.75,39.25,Sardegna
38310,8.75,39.0,Sardegna
38430,9.0,55.0,Schleswig-Holstein
38440,9.0,54.75,Schleswig-Holstein
38450,9.0,54.5,Schleswig-Holstein
38460,9.0,54.25,Schleswig-Holstein
38470,9.0,54.0,Schleswig-Holstein
38480,9.0,53.75,Niedersachsen
38490,9.0,53.5,Niedersachsen
38500,9.0,53.25,Niedersachsen
38510,9.0,53.0,Niedersachsen
38520,9.0,52.75,Niedersachsen
38530,9.0,52.5,Niedersachsen
38540,9.0,52.25,Nordrhein-Westfalen
38550,9.0,52.0,Nordrhein-Westfalen
38560,9.0,51.75,Nordrhein-Westfalen
38570,9.0,51.5,Nordrhein-Westfalen
38580,9.0,51.25,Hessen
38590,9.0,51.0,Hessen
38600,9.0,50.75,Hessen
38610,9.0,50.5,Hessen
38620,9.0,50.25,Hessen
38630,9.0,50.0,Hessen
38640,9.0,49.75,Hessen
38650,9.0,49.5,Hessen
38660,9.0,49.25,Baden-Württemberg
38670,9.0,49.0,Baden-Württemberg
38680,9.0,48.75,Baden-Württemberg
38690,9.0,48.5,Baden-Württemberg
38700,9.0,48.25,Baden-Württemberg
38710,9.0,48.0,Baden-Württemberg
38720,9.0,47.75,Baden-Württemberg
38780,9.0,46.25,Lombardia
38790,9.0,46.0,Lombardia
38800,9.0,45.75,Lombardia
38810,9.0,45.5,Lombardia
38820,9.0,45.25,Lombardia
38830,9.0,45.0,Lombardia
38840,9.0,44.75,Piemonte
38850,9.0,44.5,Liguria
38860,9.0,44.25,Liguria
38950,9.0,41.25,Sardegna
38960,9.0,41.0,Sardegna
38970,9.0,40.75,Sardegna
38980,9.0,40.5,Sardegna
38990,9.0,40.25,Sardegna
39000,9.0,40.0,Sardegna
39010,9.0,39.75,Sardegna
39020,9.0,39.5,Sardegna
39030,9.0,39.25,Sardegna
39040,9.0,39.0,Sardegna
39180,9.25,54.75,Schleswig-Holstein
39190,9.25,54.5,Schleswig-Holstein
39200,9.25,54.25,Schleswig-Holstein
39210,9.25,54.0,Schleswig-Holstein
39220,9.25,53.75,Niedersachsen
39230,9.25,53.5,Niedersachsen
39240,9.25,53.25,Niedersachsen
39250,9.25,53.0,Niedersachsen
39260,9.25,52.75,Niedersachsen
39270,9.25,52.5,Niedersachsen
39280,9.25,52.25,Niedersachsen
39290,9.25,52.0,Niedersachsen
39300,9.25,51.75,Nordrhein-Westfalen
39310,9.25,51.5,Hessen
39320,9.25,51.25,Hessen
39330,9.25,51.0,Hessen
39340,9.25,50.75,Hessen
39350,9.25,50.5,Hessen
39360,9.25,50.25,Hessen
39370,9.25,50.0,Bayern
39380,9.25,49.75,Bayern
39390,9.25,49.5,Baden-Württemberg
39400,9.25,49.25,Baden-Württemberg
39410,9.25,49.0,Baden-Württemberg
39420,9.25,48.75,Baden-Württemberg
39430,9.25,48.5,Baden-Württemberg
39440,9.25,48.25,Baden-Württemberg
39450,9.25,48.0,Baden-Württemberg
39460,9.25,47.75,Baden-Württemberg
39470,9.25,47.5,Baden-Württemberg
39510,9.25,46.5,Lombardia
39520,9.25,46.25,Lombardia
39530,9.25,46.0,Lombardia
39540,9.25,45.75,Lombardia
39550,9.25,45.5,Lombardia
39560,9.25,45.25,Lombardia
39570,9.25,45.0,Lombardia
39580,9.25,44.75,Lombardia
39590,9.25,44.5,Liguria
39600,9.25,44.25,Liguria
39700,9.25,41.25,Sardegna
39710,9.25,41.0,Sardegna
39720,9.25,40.75,Sardegna
39730,9.25,40.5,Sardegna
39740,9.25,40.25,Sardegna
39750,9.25,40.0,Sardegna
39760,9.25,39.75,Sardegna
39770,9.25,39.5,Sardegna
39780,9.25,39.25,Sardegna
39920,9.5,54.75,Schleswig-Holstein
39930,9.5,54.5,Schleswig-Holstein
39940,9.5,54.25,Schleswig-Holstein
39950,9.5,54.0,Schleswig-Holstein
39960,9.5,53.75,Schleswig-Holstein
39970,9.5,53.5,Niedersachsen
39980,9.5,53.25,Niedersachsen
39990,9.5,53.0,Niedersachsen
40000,9.5,52.75,Niedersachsen
40010,9.5,52.5,Niedersachsen
40020,9.5,52.25,Niedersachsen
40030,9.5,52.0,Niedersachsen
40040,9.5,51.75,Niedersachsen
40050,9.5,51.5,Hessen
40060,9.5,51.25,Hessen
40070,9.5,51.0,Hessen
40080,9.5,50.75,Hessen
40090,9.5,50.5,Hessen
40100,9.5,50.25,Hessen
40110,9.5,50.0,Bayern
40120,9.5,49.75,Baden-Württemberg
40130,9.5,49.5,Baden-Württemberg
40140,9.5,49.25,Baden-Württemberg
40150,9.5,49.0,Baden-Württemberg
40160,9.5,48.75,Baden-Württemberg
40170,9.5,48.5,Baden-Württemberg
40180,9.5,48.25,Baden-Württemberg
40190,9.5,48.0,Baden-Württemberg
40200,9.5,47.75,Baden-Württemberg
40210,9.5,47.5,Baden-Württemberg
40250,9.5,46.5,Lombardia
40260,9.5,46.25,Lombardia
40270,9.5,46.0,Lombardia
40280,9.5,45.75,Lombardia
40290,9.5,45.5,Lombardia
40300,9.5,45.25,Lombardia
40310,9.5,45.0,Emilia-Romagna
40320,9.5,44.75,Emilia-Romagna
40330,9.5,44.5,Emilia-Romagna
40340,9.5,44.25,Liguria
40440,9.5,41.25,Sardegna
40450,9.5,41.0,Sardegna
40460,9.5,40.75,Sardegna
40470,9.5,40.5,Sardegna
40480,9.5,40.25,Sardegna
40490,9.5,40.0,Sardegna
40500,9.5,39.75,Sardegna
40510,9.5,39.5,Sardegna
40520,9.5,39.25,Sardegna
40530,9.5,39.0,Sardegna
40660,9.75,54.75,Schleswig-Holstein
40670,9.75,54.5,Schleswig-Holstein
40680,9.75,54.25,Schleswig-Holstein
40690,9.75,54.0,Schleswig-Holstein
40700,9.75,53.75,Schleswig-Holstein
40710,9.75,53.5,Niedersachsen
40720,9.75,53.25,Niedersachsen
40730,9.75,53.0,Niedersachsen
40740,9.75,52.75,Niedersachsen
40750,9.75,52.5,Niedersachsen
40760,9.75,52.25,Niedersachsen
40770,9.75,52.0,Niedersachsen
40780,9.75,51.75,Niedersachsen
40790,9.75,51.5,Niedersachsen
40800,9.75,51.25,Hessen
40810,9.75,51.0,Hessen
40820,9.75,50.75,Hessen
40830,9.75,50.5,Hessen
40840,9.75,50.25,Bayern
40850,9.75,50.0,Bayern
40860,9.75,49.75,Bayern
40870,9.75,49.5,Baden-Württemberg
40880,9.75,49.25,Baden-Württemberg
40890,9.75,49.0,Baden-Württemberg
40900,9.75,48.75,Baden-Württemberg
40910,9.75,48.5,Baden-Württemberg
40920,9.75,48.25,Baden-Württemberg
40930,9.75,48.0,Baden-Württemberg
40940,9.75,47.75,Baden-Württemberg
40950,9.75,47.5,Bayern
41000,9.75,46.25,Lombardia
41010,9.75,46.0,Lombardia
41020,9.75,45.75,Lombardia
41030,9.75,45.5,Lombardia
41040,9.75,45.25,Lombardia
41050,9.75,45.0,Emilia-Romagna
41060,9.75,44.75,Emilia-Romagna
41070,9.75,44.5,Emilia-Romagna
41080,9.75,44.25,Liguria
41090,9.75,44.0,Liguria
41140,9.75,41.0,Sardegna
41150,9.75,40.75,Sardegna
41160,9.75,40.5,Sardegna
41170,9.75,40.25,Sardegna
41180,9.75,40.0,Sardegna
41190,9.75,39.75,Sardegna
41200,9.75,39.5,Sardegna
41350,10.0,54.75,Schleswig-Holstein
41360,10.0,54.5,Schleswig-Holstein
41370,10.0,54.25,Schleswig-Holstein
41380,10.0,54.0,Schleswig-Holstein
41390,10.0,53.75,Schleswig-Holstein
41400,10.0,53.5,Hamburg
41410,10.0,53.25,Niedersachsen
41420,10.0,53.0,Niedersachsen
41430,10.0,52.75,Niedersachsen
41440,10.0,52.5,Niedersachsen
41450,10.0,52.25,Niedersachsen
41460,10.0,52.0,Niedersachsen
41470,10.0,51.75,Niedersachsen
41480,10.0,51.5,Niedersachsen
41490,10.0,51.25,Hessen
41500,10.0,51.0,Hessen
41510,10.0,50.75,Thüringen
41520,10.0,50.5,Hessen
41530,10.0,50.25,Bayern
41540,10.0,50.0,Bayern
41550,10.0,49.75,Bayern
41560,10.0,49.5,Baden-Württemberg
41570,10.0,49.25,Baden-Württemberg
41580,10.0,49.0,Baden-Württemberg
41590,10.0,48.75,Baden-Württemberg
41600,10.0,48.5,Baden-Württemberg
41610,10.0,48.25,Baden-Württemberg
41620,10.0,48.0,Baden-Württemberg
41630,10.0,47.75,Baden-Württemberg
41640,10.0,47.5,Bayern
41650,10.0,47.25,Bayern
41680,10.0,46.5,Lombardia
41690,10.0,46.25,Lombardia
41700,10.0,46.0,Lombardia
41710,10.0,45.75,Lombardia
41720,10.0,45.5,Lombardia
41730,10.0,45.25,Lombardia
41740,10.0,45.0,Emilia-Romagna
41750,10.0,44.75,Emilia-Romagna
41760,10.0,44.5,Emilia-Romagna
41770,10.0,44.25,Toscana
41780,10.0,44.0,Liguria
41950,10.25,54.5,Schleswig-Holstein
41960,10.25,54.25,Schleswig-Holstein
41970,10.25,54.0,Schleswig-Holstein
41980,10.25,53.75,Schleswig-Holstein
41990,10.25,53.5,Schleswig-Holstein
42000,10.25,53.25,Niedersachsen
42010,10.25,53.0,Niedersachsen
42020,10.25,52.75,Niedersachsen
42030,10.25,52.5,Niedersachsen
42040,10.25,52.25,Niedersachsen
42050,10.25,52.0,Niedersachsen
42060,10.25,51.75,Niedersachsen
42070,10.25,51.5,Niedersachsen
42080,10.25,51.25,Thüringen
42090,10.25,51.0,Thüringen
42100,10.25,50.75,Thüringen
42110,10.25,50.5,Bayern
42120,10.25,50.25,Bayern
42130,10.25,50.0,Bayern
42140,10.25,49.75,Bayern
42150,10.25,49.5,Bayern
42160,10.25,49.25,Bayern
42170,10.25,49.0,Baden-Württemberg
42180,10.25,48.75,Baden-Württemberg
42190,10.25,48.5,Bayern
42200,10.25,48.25,Bayern
42210,10.25,48.0,Bayern
42220,10.25,47.75,Bayern
42230,10.25,47.5,Bayern
42240,10.25,47.25,Bayern
42260,10.25,46.75,Lombardia
42270,10.25,46.5,Lombardia
42280,10.25,46.25,Lombardia
42290,10.25,46.0,Lombardia
42300,10.25,45.75,Lombardia
42310,10.25,45.5,Lombardia
42320,10.25,45.25,Lombardia
42330,10.25,45.0,Emilia-Romagna
42340,10.25,44.75,Emilia-Romagna
42350,10.25,44.5,Emilia-Romagna
42360,10.25,44.25,Toscana
42370,10.25,44.0,Toscana
42380,10.25,43.75,Toscana
42390,10.25,43.5,Toscana
42420,10.25,42.75,Toscana
42520,10.5,54.5,Schleswig-Holstein
42530,10.5,54.25,Schleswig-Holstein
42540,10.5,54.0,Schleswig-Holstein
42550,10.5,53.75,Schleswig-Holstein
42560,10.5,53.5,Schleswig-Holstein
42570,10.5,53.25,Niedersachsen
42580,10.5,53.0,Niedersachsen
42590,10.5,52.75,Niedersachsen
42600,10.5,52.5,Niedersachsen
42610,10.5,52.25,Niedersachsen
42620,10.5,52.0,Niedersachsen
42630,10.5,51.75,Niedersachsen
42640,10.5,51.5,Thüringen
42650,10.5,51.25,Thüringen
42660,10.5,51.0,Thüringen
42670,10.5,50.75,Thüringen
42680,10.5,50.5,Thüringen
42690,10.5,50.25,Bayern
42700,10.5,50.0,Bayern
42710,10.5,49.75,Bayern
42720,10.5,49.5,Bayern
42730,10.5,49.25,Bayern
42740,10.5,49.0,Bayern
42750,10.5,48.75,Bayern
42760,10.5,48.5,Bayern
42770,10.5,48.25,Bayern
42780,10.5,48.0,Bayern
42790,10.5,47.75,Bayern
42800,10.5,47.5,Bayern
42810,10.5,47.25,Bayern
42830,10.5,46.75,Provincia Autonoma di Bolzano/Bozen
42840,10.5,46.5,Lombardia
42850,10.5,46.25,Lombardia
42860,10.5,46.0,Provincia Autonoma di Trento
42870,10.5,45.75,Lombardia
42880,10.5,45.5,Lombardia
42890,10.5,45.25,Lombardia
42900,10.5,45.0,Lombardia
42910,10.5,44.75,Emilia-Romagna
42920,10.5,44.5,Emilia-Romagna
42930,10.5,44.25,Emilia-Romagna
42940,10.5,44.0,Toscana
42950,10.5,43.75,Toscana
42960,10.5,43.5,Toscana
42970,10.5,43.25,Toscana
42980,10.5,43.0,Toscana
42990,10.5,42.75,Toscana
43110,10.75,54.25,Schleswig-Holstein
43120,10.75,54.0,Schleswig-Holstein
43130,10.75,53.75,Schleswig-Holstein
43140,10.75,53.5,Schleswig-Holstein
43150,10.75,53.25,Niedersachsen
43160,10.75,53.0,Niedersachsen
43170,10.75,52.75,Niedersachsen
43180,10.75,52.5,Niedersachsen
43190,10.75,52.25,Niedersachsen
43200,10.75,52.0,Sachsen-Anhalt
43210,10.75,51.75,Sachsen-Anhalt
43220,10.75,51.5,Thüringen
43230,10.75,51.25,Thüringen
43240,10.75,51.0,Thüringen
43250,10.75,50.75,Thüringen
43260,10.75,50.5,Thüringen
43270,10.75,50.25,Bayern
43280,10.75,50.0,Bayern
43290,10.75,49.75,Bayern
43300,10.75,49.5,Bayern
43310,10.75,49.25,Bayern
43320,10.75,49.0,Bayern
43330,10.75,48.75,Bayern
43340,10.75,48.5,Bayern
43350,10.75,48.25,Bayern
43360,10.75,48.0,Bayern
43370,10.75,47.75,Bayern
43380,10.75,47.5,Bayern
43410,10.75,46.75,Provincia Autonoma di Bolzano/Bozen
43420,10.75,46.5,Provincia Autonoma di Bolzano/Bozen
43430,10.75,46.25,Provincia Autonoma di Trento
43440,10.75,46.0,Provincia Autonoma di Trento
43450,10.75,45.75,Veneto
43460,10.75,45.5,Veneto
43470,10.75,45.25,Lombardia
43480,10.75,45.0,Lombardia
43490,10.75,44.75,Emilia-Romagna
43500,10.75,44.5,Emilia-Romagna
43510,10.75,44.25,Emilia-Romagna
43520,10.75,44.0,Toscana
43530,10.75,43.75,Toscana
43540,10.75,43.5,Toscana
43550,10.75,43.25,Toscana
43560,10.75,43.0,Toscana
43570,10.75,42.75,Toscana
43690,11.0,54.5,Schleswig-Holstein
43700,11.0,54.25,Schleswig-Holstein
43710,11.0,54.0,Mecklenburg-Vorpommern
43720,11.0,53.75,Mecklenburg-Vorpommern
43730,11.0,53.5,Mecklenburg-Vorpommern
43740,11.0,53.25,Niedersachsen
43750,11.0,53.0,Niedersachsen
43760,11.0,52.75,Sachsen-Anhalt
43770,11.0,52.5,Sachsen-Anhalt
43780,11.0,52.25,Niedersachsen
43790,11.0,52.0,Sachsen-Anhalt
43800,11.0,51.75,Sachsen-Anhalt
43810,11.0,51.5,Sachsen-Anhalt
43820,11.0,51.25,Thüringen
43830,11.0,51.0,Thüringen
43840,11.0,50.75,Thüringen
43850,11.0,50.5,Thüringen
43860,11.0,50.25,Bayern
43870,11.0,50.0,Bayern
43880,11.0,49.75,Bayern
43890,11.0,49.5,Bayern
43900,11.0,49.25,Bayern
43910,11.0,49.0,Bayern
43920,11.0,48.75,Bayern
43930,11.0,48.5,Bayern
43940,11.0,48.25,Bayern
43950,11.0,48.0,Bayern
43960,11.0,47.75,Bayern
43970,11.0,47.5,Bayern
43990,11.0,47.0,Provincia Autonoma di Bolzano/Bozen
44000,11.0,46.75,Provincia Autonoma di Bolzano/Bozen
44010,11.0,46.5,Provincia Autonoma di Bolzano/Bozen
44020,11.0,46.25,Provincia Autonoma di Trento
44030,11.0,46.0,Provincia Autonoma di Trento
44040,11.0,45.75,Provincia Autonoma di Trento
44050,11.0,45.5,Veneto
44060,11.0,45.25,Veneto
44070,11.0,45.0,Lombardia
44080,11.0,44.75,Emilia-Romagna
44090,11.0,44.5,Emilia-Romagna
44100,11.0,44.25,Emilia-Romagna
44110,11.0,44.0,Toscana
44120,11.0,43.75,Toscana
44130,11.0,43.5,Toscana
44140,11.0,43.25,Toscana
44150,11.0,43.0,Toscana
44160,11.0,42.75,Toscana
44170,11.0,42.5,Toscana
44180,11.0,42.25,Toscana
44300,11.25,54.0,Mecklenburg-Vorpommern
44310,11.25,53.75,Mecklenburg-Vorpommern
44320,11.25,53.5,Mecklenburg-Vorpommern
44330,11.25,53.25,Mecklenburg-Vorpommern
44340,11.25,53.0,Niedersachsen
44350,11.25,52.75,Sachsen-Anhalt
44360,11.25,52.5,Sachsen-Anhalt
44370,11.25,52.25,Sachsen-Anhalt
44380,11.25,52.0,Sachsen-Anhalt
44390,11.25,51.75,Sachsen-Anhalt
44400,11.25,51.5,Sachsen-Anhalt
44410,11.25,51.25,Thüringen
44420,11.25,51.0,Thüringen
44430,11.25,50.75,Thüringen
44440,11.25,50.5,Thüringen
44450,11.25,50.25,Bayern
44460,11.25,50.0,Bayern
44470,11.25,49.75,Bayern
44480,11.25,49.5,Bayern
44490,11.25,49.25,Bayern
44500,11.25,49.0,Bayern
44510,11.25,48.75,Bayern
44520,11.25,48.5,Bayern
44530,11.25,48.25,Bayern
44540,11.25,48.0,Bayern
44550,11.25,47.75,Bayern
44560,11.25,47.5,Bayern
44580,11.25,47.0,Provincia Autonoma di Bolzano/Bozen
44590,11.25,46.75,Provincia Autonoma di Bolzano/Bozen
44600,11.25,46.5,Provincia Autonoma di Bolzano/Bozen
44610,11.25,46.25,Provincia Autonoma di Trento
44620,11.25,46.0,Provincia Autonoma di Trento
44630,11.25,45.75,Veneto
44640,11.25,45.5,Veneto
44650,11.25,45.25,Veneto
44660,11.25,45.0,Lombardia
44670,11.25,44.75,Emilia-Romagna
44680,11.25,44.5,Emilia-Romagna
44690,11.25,44.25,Emilia-Romagna
44700,11.25,44.0,Toscana
44710,11.25,43.75,Toscana
44720,11.25,43.5,Toscana
44730,11.25,43.25,Toscana
44740,11.25,43.0,Toscana
44750,11.25,42.75,Toscana
44760,11.25,42.5,Toscana
44890,11.5,54.0,Mecklenburg-Vorpommern
44900,11.5,53.75,Mecklenburg-Vorpommern
44910,11.5,53.5,Mecklenburg-Vorpommern
44920,11.5,53.25,Mecklenburg-Vorpommern
44930,11.5,53.0,Sachsen-Anhalt
44940,11.5,52.75,Sachsen-Anhalt
44950,11.5,52.5,Sachsen-Anhalt
44960,11.5,52.25,Sachsen-Anhalt
44970,11.5,52.0,Sachsen-Anhalt
44980,11.5,51.75,Sachsen-Anhalt
44990,11.5,51.5,Sachsen-Anhalt
45000,11.5,51.25,Sachsen-Anhalt
45010,11.5,51.0,Thüringen
45020,11.5,50.75,Thüringen
45030,11.5,50.5,Thüringen
45040,11.5,50.25,Bayern
45050,11.5,50.0,Bayern
45060,11.5,49.75,Bayern
45070,11.5,49.5,Bayern
45080,11.5,49.25,Bayern
45090,11.5,49.0,Bayern
45100,11.5,48.75,Bayern
45110,11.5,48.5,Bayern
45120,11.5,48.25,Bayern
45130,11.5,48.0,Bayern
45140,11.5,47.75,Bayern
45150,11.5,47.5,Bayern
45170,11.5,47.0,Provincia Autonoma di Bolzano/Bozen
45180,11.5,46.75,Provincia Autonoma di Bolzano/Bozen
45190,11.5,46.5,Provincia Autonoma di Bolzano/Bozen
45200,11.5,46.25,Provincia Autonoma di Trento
45210,11.5,46.0,Provincia Autonoma di Trento
45220,11.5,45.75,Veneto
45230,11.5,45.5,Veneto
45240,11.5,45.25,Veneto
45250,11.5,45.0,Veneto
45260,11.5,44.75,Emilia-Romagna
45270,11.5,44.5,Emilia-Romagna
45280,11.5,44.25,Emilia-Romagna
45290,11.5,44.0,Toscana
45300,11.5,43.75,Toscana
45310,11.5,43.5,Toscana
45320,11.5,43.25,Toscana
45330,11.5,43.0,Toscana
45340,11.5,42.75,Toscana
45350,11.5,42.5,Toscana
45360,11.5,42.25,Lazio
45450,11.75,54.25,Mecklenburg-Vorpommern
45460,11.75,54.0,Mecklenburg-Vorpommern
45470,11.75,53.75,Mecklenburg-Vorpommern
45480,11.75,53.5,Mecklenburg-Vorpommern
45490,11.75,53.25,Mecklenburg-Vorpommern
45500,11.75,53.0,Brandenburg
45510,11.75,52.75,Sachsen-Anhalt
45520,11.75,52.5,Sachsen-Anhalt
45530,11.75,52.25,Sachsen-Anhalt
45540,11.75,52.0,Sachsen-Anhalt
45550,11.75,51.75,Sachsen-Anhalt
45560,11.75,51.5,Sachsen-Anhalt
45570,11.75,51.25,Sachsen-Anhalt
45580,11.75,51.0,Thüringen
45590,11.75,50.75,Thüringen
45600,11.75,50.5,Thüringen
45610,11.75,50.25,Bayern
45620,11.75,50.0,Bayern
45630,11.75,49.75,Bayern
45640,11.75,49.5,Bayern
45650,11.75,49.25,Bayern
45660,11.75,49.0,Bayern
45670,11.75,48.75,Bayern
45680,11.75,48.5,Bayern
45690,11.75,48.25,Bayern
45700,11.75,48.0,Bayern
45710,11.75,47.75,Bayern
45720,11.75,47.5,Bayern
45740,11.75,47.0,Provincia Autonoma di Bolzano/Bozen
45750,11.75,46.75,Provincia Autonoma di Bolzano/Bozen
45760,11.75,46.5,Provincia Autonoma di Bolzano/Bozen
45770,11.75,46.25,Provincia Autonoma di Trento
45780,11.75,46.0,Veneto
45790,11.75,45.75,Veneto
45800,11.75,45.5,Veneto
45810,11.75,45.25,Veneto
45820,11.75,45.0,Veneto
45830,11.75,44.75,Emilia-Romagna
45840,11.75,44.5,Emilia-Romagna
45850,11.75,44.25,Emilia-Romagna
45860,11.75,44.0,Emilia-Romagna
45870,11.75,43.75,Toscana
45880,11.75,43.5,Toscana
45890,11.75,43.25,Toscana
45900,11.75,43.0,Toscana
45910,11.75,42.75,Toscana
45920,11.75,42.5,Lazio
45930,11.75,42.25,Lazio
45940,11.75,42.0,Lazio
46030,12.0,54.25,Mecklenburg-Vorpommern
46040,12.0,54.0,Mecklenburg-Vorpommern
46050,12.0,53.75,Mecklenburg-Vorpommern
46060,12.0,53.5,Mecklenburg-Vorpommern
46070,12.0,53.25,Brandenburg
46080,12.0,53.0,Brandenburg
46090,12.0,52.75,Sachsen-Anhalt
46100,12.0,52.5,Sachsen-Anhalt
46110,12.0,52.25,Sachsen-Anhalt
46120,12.0,52.0,Sachsen-Anhalt
46130,12.0,51.75,Sachsen-Anhalt
46140,12.0,51.5,Sachsen-Anhalt
46150,12.0,51.25,Sachsen-Anhalt
46160,12.0,51.0,Sachsen-Anhalt
46170,12.0,50.75,Thüringen
46180,12.0,50.5,Sachsen
46190,12.0,50.25,Bayern
46200,12.0,50.0,Bayern
46210,12.0,49.75,Bayern
46220,12.0,49.5,Bayern
46230,12.0,49.25,Bayern
46240,12.0,49.0,Bayern
46250,12.0,48.75,Bayern
46260,12.0,48.5,Bayern
46270,12.0,48.25,Bayern
46280,12.0,48.0,Bayern
46290,12.0,47.75,Bayern
46300,12.0,47.5,Bayern
46320,12.0,47.0,Provincia Autonoma di Bolzano/Bozen
46330,12.0,46.75,Provincia Autonoma di Bolzano/Bozen
46340,12.0,46.5,Veneto
46350,12.0,46.25,Veneto
46360,12.0,46.0,Veneto
46370,12.0,45.75,Veneto
46380,12.0,45.5,Veneto
46390,12.0,45.25,Veneto
46400,12.0,45.0,Veneto
46410,12.0,44.75,Emilia-Romagna
46420,12.0,44.5,Emilia-Romagna
46430,12.0,44.25,Emilia-Romagna
46440,12.0,44.0,Emilia-Romagna
46450,12.0,43.75,Toscana
46460,12.0,43.5,Toscana
46470,12.0,43.25,Toscana
46480,12.0,43.0,Umbria
46490,12.0,42.75,Umbria
46500,12.0,42.5,Lazio
46510,12.0,42.25,Lazio
46520,12.0,42.0,Lazio
46620,12.25,54.25,Mecklenburg-Vorpommern
46630,12.25,54.0,Mecklenburg-Vorpommern
46640,12.25,53.75,Mecklenburg-Vorpommern
46650,12.25,53.5,Mecklenburg-Vorpommern
46660,12.25,53.25,Brandenburg
46670,12.25,53.0,Brandenburg
46680,12.25,52.75,Brandenburg
46690,12.25,52.5,Brandenburg
46700,12.25,52.25,Sachsen-Anhalt
46710,12.25,52.0,Sachsen-Anhalt
46720,12.25,51.75,Sachsen-Anhalt
46730,12.25,51.5,Sachsen
46740,12.25,51.25,Sachsen
46750,12.25,51.0,Thüringen
46760,12.25,50.75,Thüringen
46770,12.25,50.5,Sachsen
46780,12.25,50.25,Sachsen
46790,12.25,50.0,Bayern
46800,12.25,49.75,Bayern
46810,12.25,49.5,Bayern
46820,12.25,49.25,Bayern
46830,12.25,49.0,Bayern
46840,12.25,48.75,Bayern
46850,12.25,48.5,Bayern
46860,12.25,48.25,Bayern
46870,12.25,48.0,Bayern
46880,12.25,47.75,Bayern
46890,12.25,47.5,Bayern
46910,12.25,47.0,Provincia Autonoma di Bolzano/Bozen
46920,12.25,46.75,Provincia Autonoma di Bolzano/Bozen
46930,12.25,46.5,Veneto
46940,12.25,46.25,Veneto
46950,12.25,46.0,Veneto
46960,12.25,45.75,Veneto
46970,12.25,45.5,Veneto
46980,12.25,45.25,Veneto
46990,12.25,45.0,Veneto
47000,12.25,44.75,Emilia-Romagna
47010,12.25,44.5,Emilia-Romagna
47020,12.25,44.25,Emilia-Romagna
47030,12.25,44.0,Emilia-Romagna
47040,12.25,43.75,Toscana
47050,12.25,43.5,Umbria
47060,12.25,43.25,Umbria
47070,12.25,43.0,Umbria
47080,12.25,42.75,Umbria
47090,12.25,42.5,Lazio
47100,12.25,42.25,Lazio
47110,12.25,42.0,Lazio
47120,12.25,41.75,Lazio
47150,12.25,38.0,Sicilia
47230,12.5,54.5,Mecklenburg-Vorpommern
47240,12.5,54.25,Mecklenburg-Vorpommern
47250,12.5,54.0,Mecklenburg-Vorpommern
47260,12.5,53.75,Mecklenburg-Vorpommern
47270,12.5,53.5,Mecklenburg-Vorpommern
47280,12.5,53.25,Brandenburg
47290,12.5,53.0,Brandenburg
47300,12.5,52.75,Brandenburg
47310,12.5,52.5,Brandenburg
47320,12.5,52.25,Brandenburg
47330,12.5,52.0,Sachsen-Anhalt
47340,12.5,51.75,Sachsen-Anhalt
47350,12.5,51.5,Sachsen
47360,12.5,51.25,Sachsen
47370,12.5,51.0,Thüringen
47380,12.5,50.75,Sachsen
47390,12.5,50.5,Sachsen
47400,12.5,50.25,Sachsen
47410,12.5,50.0,Bayern
47420,12.5,49.75,Bayern
47430,12.5,49.5,Bayern
47440,12.5,49.25,Bayern
47450,12.5,49.0,Bayern
47460,12.5,48.75,Bayern
47470,12.5,48.5,Bayern
47480,12.5,48.25,Bayern
47490,12.5,48.0,Bayern
47500,12.5,47.75,Bayern
47540,12.5,46.75,Veneto
47550,12.5,46.5,Veneto
47560,12.5,46.25,Friuli-Venezia Giulia
47570,12.5,46.0,Friuli-Venezia Giulia
47580,12.5,45.75,Veneto
47590,12.5,45.5,Veneto
47610,12.5,45.0,Veneto
47620,12.5,44.75,Veneto
47640,12.5,44.25,Emilia-Romagna
47650,12.5,44.0,Emilia-Romagna
47660,12.5,43.75,Marche
47670,12.5,43.5,Marche
47680,12.5,43.25,Umbria
47690,12.5,43.0,Umbria
47700,12.5,42.75,Umbria
47710,12.5,42.5,Umbria
47720,12.5,42.25,Lazio
47730,12.5,42.0,Lazio
47740,12.5,41.75,Lazio
47750,12.5,41.5,Lazio
47780,12.5,38.0,Sicilia
47790,12.5,37.75,Sicilia
47800,12.5,37.5,Sicilia
47860,12.75,54.5,Mecklenburg-Vorpommern
47870,12.75,54.25,Mecklenburg-Vorpommern
47880,12.75,54.0,Mecklenburg-Vorpommern
47890,12.75,53.75,Mecklenburg-Vorpommern
47900,12.75,53.5,Mecklenburg-Vorpommern
47910,12.75,53.25,Mecklenburg-Vorpommern
47920,12.75,53.0,Brandenburg
47930,12.75,52.75,Brandenburg
47940,12.75,52.5,Brandenburg
47950,12.75,52.25,Brandenburg
47960,12.75,52.0,Brandenburg
47970,12.75,51.75,Sachsen-Anhalt
47980,12.75,51.5,Sachsen
47990,12.75,51.25,Sachsen
48000,12.75,51.0,Sachsen
48010,12.75,50.75,Sachsen
48020,12.75,50.5,Sachsen
48060,12.75,49.5,Bayern
48070,12.75,49.25,Bayern
48080,12.75,49.0,Bayern
48090,12.75,48.75,Bayern
48100,12.75,48.5,Bayern
48110,12.75,48.25,Bayern
48120,12.75,48.0,Bayern
48130,12.75,47.75,Bayern
48140,12.75,47.5,Bayern
48170,12.75,46.75,Veneto
48180,12.75,46.5,Friuli-Venezia Giulia
48190,12.75,46.25,Friuli-Venezia Giulia
48200,12.75,46.0,Friuli-Venezia Giulia
48210,12.75,45.75,Veneto
48220,12.75,45.5,Veneto
48250,12.75,44.0,Emilia-Romagna
48260,12.75,43.75,Marche
48270,12.75,43.5,Marche
48280,12.75,43.25,Umbria
48290,12.75,43.0,Umbria
48300,12.75,42.75,Umbria
48310,12.75,42.5,Umbria
48320,12.75,42.25,Lazio
48330,12.75,42.0,Lazio
48340,12.75,41.75,Lazio
48350,12.75,41.5,Lazio
48380,12.75,38.25,Sicilia
48390,12.75,38.0,Sicilia
48400,12.75,37.75,Sicilia
48410,12.75,37.5,Sicilia
48470,13.0,54.5,Mecklenburg-Vorpommern
48480,13.0,54.25,Mecklenburg-Vorpommern
48490,13.0,54.0,Mecklenburg-Vorpommern
48500,13.0,53.75,Mecklenburg-Vorpommern
48510,13.0,53.5,Mecklenburg-Vorpommern
48520,13.0,53.25,Mecklenburg-Vorpommern
48530,13.0,53.0,Brandenburg
48540,13.0,52.75,Brandenburg
48550,13.0,52.5,Brandenburg
48560,13.0,52.25,Brandenburg
48570,13.0,52.0,Brandenburg
48580,13.0,51.75,Sachsen-Anhalt
48590,13.0,51.5,Sachsen
48600,13.0,51.25,Sachsen
48610,13.0,51.0,Sachsen
48620,13.0,50.75,Sachsen
48630,13.0,50.5,Sachsen
48680,13.0,49.25,Bayern
48690,13.0,49.0,Bayern
48700,13.0,48.75,Bayern
48710,13.0,48.5,Bayern
48720,13.0,48.25,Bayern
48730,13.0,48.0,Bayern
48740,13.0,47.75,Bayern
48750,13.0,47.5,Bayern
48790,13.0,46.5,Friuli-Venezia Giulia
48800,13.0,46.25,Friuli-Venezia Giulia
48810,13.0,46.0,Friuli-Venezia Giulia
48820,13.0,45.75,Veneto
48830,13.0,45.5,Veneto
48850,13.0,44.0,Marche
48860,13.0,43.75,Marche
48870,13.0,43.5,Marche
48880,13.0,43.25,Marche
48890,13.0,43.0,Marche
48900,13.0,42.75,Umbria
48910,13.0,42.5,Lazio
48920,13.0,42.25,Lazio
48930,13.0,42.0,Lazio
48940,13.0,41.75,Lazio
48950,13.0,41.5,Lazio
48960,13.0,41.25,Lazio
48980,13.0,38.25,Sicilia
48990,13.0,38.0,Sicilia
49000,13.0,37.75,Sicilia
49010,13.0,37.5,Sicilia
49070,13.25,54.5,Mecklenburg-Vorpommern
49080,13.25,54.25,Mecklenburg-Vorpommern
49090,13.25,54.0,Mecklenburg-Vorpommern
49100,13.25,53.75,Mecklenburg-Vorpommern
49110,13.25,53.5,Mecklenburg-Vorpommern
49120,13.25,53.25,Brandenburg
49130,13.25,53.0,Brandenburg
49140,13.25,52.75,Brandenburg
49150,13.25,52.5,Berlin
49160,13.25,52.25,Brandenburg
49170,13.25,52.0,Brandenburg
49180,13.25,51.75,Brandenburg
49190,13.25,51.5,Brandenburg
49200,13.25,51.25,Sachsen
49210,13.25,51.0,Sachsen
49220,13.25,50.75,Sachsen
49230,13.25,50.5,Sachsen
49280,13.25,49.25,Bayern
49290,13.25,49.0,Bayern
49300,13.25,48.75,Bayern
49310,13.25,48.5,Bayern
49320,13.25,48.25,Bayern
49390,13.25,46.5,Friuli-Venezia Giulia
49400,13.25,46.25,Friuli-Venezia Giulia
49410,13.25,46.0,Friuli-Venezia Giulia
49420,13.25,45.75,Friuli-Venezia Giulia
49450,13.25,43.75,Marche
49460,13.25,43.5,Marche
49470,13.25,43.25,Marche
49480,13.25,43.0,Marche
49490,13.25,42.75,Marche
49500,13.25,42.5,Abruzzo
49510,13.25,42.25,Abruzzo
49520,13.25,42.0,Abruzzo
49530,13.25,41.75,Lazio
49540,13.25,41.5,Lazio
49550,13.25,41.25,Lazio
49570,13.25,38.25,Sicilia
49580,13.25,38.0,Sicilia
49590,13.25,37.75,Sicilia
49600,13.25,37.5,Sicilia
49610,13.25,37.25,Sicilia
49670,13.5,54.25,Mecklenburg-Vorpommern
49680,13.5,54.0,Mecklenburg-Vorpommern
49690,13.5,53.75,Mecklenburg-Vorpommern
49700,13.5,53.5,Mecklenburg-Vorpommern
49710,13.5,53.25,Brandenburg
49720,13.5,53.0,Brandenburg
49730,13.5,52.75,Brandenburg
49740,13.5,52.5,Berlin
49750,13.5,52.25,Brandenburg
49760,13.5,52.0,Brandenburg
49770,13.5,51.75,Brandenburg
49780,13.5,51.5,Brandenburg
49790,13.5,51.25,Sachsen
49800,13.5,51.0,Sachsen
49810,13.5,50.75,Sachsen
49820,13.5,50.5,Sachsen
49880,13.5,49.0,Bayern
49890,13.5,48.75,Bayern
49900,13.5,48.5,Bayern
49910,13.5,48.25,Bayern
49980,13.5,46.5,Friuli-Venezia Giulia
49990,13.5,46.25,Friuli-Venezia Giulia
50000,13.5,46.0,Friuli-Venezia Giulia
50010,13.5,45.75,Friuli-Venezia Giulia
50050,13.5,43.75,Marche
50060,13.5,43.5,Marche
50070,13.5,43.25,Marche
50080,13.5,43.0,Marche
50090,13.5,42.75,Abruzzo
50100,13.5,42.5,Abruzzo
50110,13.5,42.25,Abruzzo
50120,13.5,42.0,Abruzzo
50130,13.5,41.75,Lazio
50140,13.5,41.5,Lazio
50150,13.5,41.25,Lazio
50170,13.5,38.25,Sicilia
50180,13.5,38.0,Sicilia
50190,13.5,37.75,Sicilia
50200,13.5,37.5,Sicilia
50210,13.5,37.25,Sicilia
50270,13.75,54.25,Mecklenburg-Vorpommern
50280,13.75,54.0,Mecklenburg-Vorpommern
50290,13.75,53.75,Mecklenburg-Vorpommern
50300,13.75,53.5,Mecklenburg-Vorpommern
50310,13.75,53.25,Brandenburg
50320,13.75,53.0,Brandenburg
50330,13.75,52.75,Brandenburg
50340,13.75,52.5,Brandenburg
50350,13.75,52.25,Brandenburg
50360,13.75,52.0,Brandenburg
50370,13.75,51.75,Brandenburg
50380,13.75,51.5,Brandenburg
50390,13.75,51.25,Sachsen
50400,13.75,51.0,Sachsen
50410,13.75,50.75,Sachsen
50480,13.75,49.0,Bayern
50490,13.75,48.75,Bayern
50500,13.75,48.5,Bayern
50580,13.75,46.5,Friuli-Venezia Giulia
50590,13.75,46.25,Friuli-Venezia Giulia
50600,13.75,46.0,Friuli-Venezia Giulia
50610,13.75,45.75,Friuli-Venezia Giulia
50620,13.75,45.5,Friuli-Venezia Giulia
50670,13.75,43.5,Marche
50680,13.75,43.25,Marche
50690,13.75,43.0,Marche
50700,13.75,42.75,Abruzzo
50710,13.75,42.5,Abruzzo
50720,13.75,42.25,Abruzzo
50730,13.75,42.0,Abruzzo
50740,13.75,41.75,Lazio
50750,13.75,41.5,Lazio
50760,13.75,41.25,Lazio
50770,13.75,41.0,Campania
50780,13.75,40.75,Campania
50800,13.75,38.0,Sicilia
50810,13.75,37.75,Sicilia
50820,13.75,37.5,Sicilia
50830,13.75,37.25,Sicilia
50840,13.75,37.0,Sicilia
50900,14.0,54.0,Mecklenburg-Vorpommern
50910,14.0,53.75,Mecklenburg-Vorpommern
50920,14.0,53.5,Mecklenburg-Vorpommern
50930,14.0,53.25,Brandenburg
50940,14.0,53.0,Brandenburg
50950,14.0,52.75,Brandenburg
50960,14.0,52.5,Brandenburg
50970,14.0,52.25,Brandenburg
50980,14.0,52.0,Brandenburg
50990,14.0,51.75,Brandenburg
51000,14.0,51.5,Brandenburg
51010,14.0,51.25,Sachsen
51020,14.0,51.0,Sachsen
51030,14.0,50.75,Sachsen
51230,14.0,45.75,Friuli-Venezia Giulia
51240,14.0,45.5,Friuli-Venezia Giulia
51290,14.0,43.0,Marche
51300,14.0,42.75,Abruzzo
51310,14.0,42.5,Abruzzo
51320,14.0,42.25,Abruzzo
51330,14.0,42.0,Abruzzo
51340,14.0,41.75,Abruzzo
51350,14.0,41.5,Molise
51360,14.0,41.25,Campania
51370,14.0,41.0,Campania
51380,14.0,40.75,Campania
51410,14.0,38.0,Sicilia
51420,14.0,37.75,Sicilia
51430,14.0,37.5,Sicilia
51440,14.0,37.25,Sicilia
51450,14.0,37.0,Sicilia
51500,14.25,54.0,Mecklenburg-Vorpommern
51510,14.25,53.75,Mecklenburg-Vorpommern
51520,14.25,53.5,Mecklenburg-Vorpommern
51530,14.25,53.25,Brandenburg
51540,14.25,53.0,Brandenburg
51550,14.25,52.75,Brandenburg
51560,14.25,52.5,Brandenburg
51570,14.25,52.25,Brandenburg
51580,14.25,52.0,Brandenburg
51590,14.25,51.75,Brandenburg
51600,14.25,51.5,Sachsen
51610,14.25,51.25,Sachsen
51620,14.25,51.0,Sachsen
51630,14.25,50.75,Sachsen
51900,14.25,42.5,Abruzzo
51910,14.25,42.25,Abruzzo
51920,14.25,42.0,Abruzzo
51930,14.25,41.75,Molise
51940,14.25,41.5,Molise
51950,14.25,41.25,Campania
51960,14.25,41.0,Campania
51970,14.25,40.75,Campania
51980,14.25,40.5,Campania
52000,14.25,38.0,Sicilia
52010,14.25,37.75,Sicilia
52020,14.25,37.5,Sicilia
52030,14.25,37.25,Sicilia
52040,14.25,37.0,Sicilia
52120,14.5,53.5,Mecklenburg-Vorpommern
52130,14.5,53.25,Brandenburg
52150,14.5,52.75,Brandenburg
52160,14.5,52.5,Brandenburg
52170,14.5,52.25,Brandenburg
52180,14.5,52.0,Brandenburg
52190,14.5,51.75,Brandenburg
52200,14.5,51.5,Sachsen
52210,14.5,51.25,Sachsen
52220,14.5,51.0,Sachsen
52230,14.5,50.75,Sachsen
52480,14.5,42.5,Abruzzo
52490,14.5,42.25,Abruzzo
52500,14.5,42.0,Abruzzo
52510,14.5,41.75,Molise
52520,14.5,41.5,Molise
52530,14.5,41.25,Campania
52540,14.5,41.0,Campania
52550,14.5,40.75,Campania
52560,14.5,40.5,Campania
52580,14.5,38.0,Sicilia
52590,14.5,37.75,Sicilia
52600,14.5,37.5,Sicilia
52610,14.5,37.25,Sicilia
52620,14.5,37.0,Sicilia
52630,14.5,36.75,Sicilia
52730,14.75,52.5,Brandenburg
52740,14.75,52.25,Brandenburg
52750,14.75,52.0,Brandenburg
52760,14.75,51.75,Brandenburg
52770,14.75,51.5,Sachsen
52780,14.75,51.25,Sachsen
52790,14.75,51.0,Sachsen
52800,14.75,50.75,Sachsen
53070,14.75,42.25,Abruzzo
53080,14.75,42.0,Molise
53090,14.75,41.75,Molise
53100,14.75,41.5,Molise
53110,14.75,41.25,Campania
53120,14.75,41.0,Campania
53130,14.75,40.75,Campania
53140,14.75,40.5,Campania
53170,14.75,38.25,Sicilia
53180,14.75,38.0,Sicilia
53190,14.75,37.75,Sicilia
53200,14.75,37.5,Sicilia
53210,14.75,37.25,Sicilia
53220,14.75,37.0,Sicilia
53230,14.75,36.75,Sicilia
53370,15.0,51.5,Sachsen
53380,15.0,51.25,Sachsen
53390,15.0,51.0,Sachsen
53690,15.0,42.0,Molise
53700,15.0,41.75,Molise
53710,15.0,41.5,Puglia
53720,15.0,41.25,Campania
53730,15.0,41.0,Campania
53740,15.0,40.75,Campania
53750,15.0,40.5,Campania
53760,15.0,40.25,Campania
53780,15.0,38.25,Sicilia
53790,15.0,38.0,Sicilia
53800,15.0,37.75,Sicilia
53810,15.0,37.5,Sicilia
53820,15.0,37.25,Sicilia
53830,15.0,37.0,Sicilia
53840,15.0,36.75,Sicilia
54320,15.25,42.0,Puglia
54330,15.25,41.75,Puglia
54340,15.25,41.5,Puglia
54350,15.25,41.25,Puglia
54360,15.25,41.0,Campania
54370,15.25,40.75,Campania
54380,15.25,40.5,Campania
54390,15.25,40.25,Campania
54400,15.25,40.0,Campania
54420,15.25,38.25,Sicilia
54430,15.25,38.0,Sicilia
54440,15.25,37.75,Sicilia
54450,15.25,37.5,Sicilia
54460,15.25,37.25,Sicilia
54470,15.25,37.0,Sicilia
54480,15.25,36.75,Sicilia
54960,15.5,42.0,Puglia
54970,15.5,41.75,Puglia
54980,15.5,41.5,Puglia
54990,15.5,41.25,Puglia
55000,15.5,41.0,Campania
55010,15.5,40.75,Basilicata
55020,15.5,40.5,Campania
55030,15.5,40.25,Campania
55040,15.5,40.0,Campania
55090,15.5,38.25,Sicilia
55100,15.5,38.0,Sicilia
55620,15.75,42.0,Puglia
55630,15.75,41.75,Puglia
55640,15.75,41.5,Puglia
55650,15.75,41.25,Puglia
55660,15.75,41.0,Basilicata
55670,15.75,40.75,Basilicata
55680,15.75,40.5,Basilicata
55690,15.75,40.25,Basilicata
55700,15.75,40.0,Basilicata
55710,15.75,39.75,Calabria
55720,15.75,39.5,Calabria
55750,15.75,38.75,Calabria
55760,15.75,38.5,Calabria
55770,15.75,38.25,Calabria
55780,15.75,38.0,Calabria
56270,16.0,42.0,Puglia
56280,16.0,41.75,Puglia
56290,16.0,41.5,Puglia
56300,16.0,41.25,Puglia
56310,16.0,41.0,Basilicata
56320,16.0,40.75,Basilicata
56330,16.0,40.5,Basilicata
56340,16.0,40.25,Basilicata
56350,16.0,40.0,Basilicata
56360,16.0,39.75,Calabria
56370,16.0,39.5,Calabria
56380,16.0,39.25,Calabria
56390,16.0,39.0,Calabria
56400,16.0,38.75,Calabria
56410,16.0,38.5,Calabria
56420,16.0,38.25,Calabria
56430,16.0,38.0,Calabria
56920,16.25,42.0,Puglia
56930,16.25,41.75,Puglia
56940,16.25,41.5,Puglia
56950,16.25,41.25,Puglia
56960,16.25,41.0,Puglia
56970,16.25,40.75,Basilicata
56980,16.25,40.5,Basilicata
56990,16.25,40.25,Basilicata
57000,16.25,40.0,Basilicata
57010,16.25,39.75,Calabria
57020,16.25,39.5,Calabria
57030,16.25,39.25,Calabria
57040,16.25,39.0,Calabria
57050,16.25,38.75,Calabria
57060,16.25,38.5,Calabria
57070,16.25,38.25,Calabria
57080,16.25,38.0,Calabria
57580,16.5,41.25,Puglia
57590,16.5,41.0,Puglia
57600,16.5,40.75,Puglia
57610,16.5,40.5,Basilicata
57620,16.5,40.25,Basilicata
57630,16.5,40.0,Calabria
57640,16.5,39.75,Calabria
57650,16.5,39.5,Calabria
57660,16.5,39.25,Calabria
57670,16.5,39.0,Calabria
57680,16.5,38.75,Calabria
57690,16.5,38.5,Calabria
57700,16.5,38.25,Calabria
58210,16.75,41.25,Puglia
58220,16.75,41.0,Puglia
58230,16.75,40.75,Puglia
58240,16.75,40.5,Basilicata
58250,16.75,40.25,Basilicata
58260,16.75,40.0,Calabria
58280,16.75,39.5,Calabria
58290,16.75,39.25,Calabria
58300,16.75,39.0,Calabria
58310,16.75,38.75,Calabria
58820,17.0,41.25,Puglia
58830,17.0,41.0,Puglia
58840,17.0,40.75,Puglia
58850,17.0,40.5,Puglia
58880,17.0,39.5,Calabria
58890,17.0,39.25,Calabria
58900,17.0,39.0,Calabria
59430,17.25,41.0,Puglia
59440,17.25,40.75,Puglia
59450,17.25,40.5,Puglia
59460,17.25,40.25,Puglia
59480,17.25,39.5,Calabria
59490,17.25,39.25,Calabria
59500,17.25,39.0,Calabria
60020,17.5,41.0,Puglia
60030,17.5,40.75,Puglia
60040,17.5,40.5,Puglia
60050,17.5,40.25,Puglia
60580,17.75,40.75,Puglia
60590,17.75,40.5,Puglia
60600,17.75,40.25,Puglia
61130,18.0,40.75,Puglia
61140,18.0,40.5,Puglia
61150,18.0,40.25,Puglia
61160,18.0,40.0,Puglia
